{"cameraMode":{"drawMode":0,"name":"Shaded","section":"Shading Mode"},"sceneLighting":false,"audioPlay":false,"sceneViewState":{"showFog":true,"showMaterialUpdate":false,"showSkybox":false,"showFlares":true,"showImageEffects":true,"showParticleSystems":true},"in2DMode":false,"pivot":{"x":254.60000610351563,"y":144.39999389648438,"z":48.70000076293945},"rotation":{"x":0.06431148946285248,"y":-0.6908481121063232,"z":0.06192576885223389,"w":0.7174665331840515},"size":1672.1153564453125,"orthographic":false}