{"cameraMode":{"drawMode":0,"name":"Shaded","section":"Shading Mode"},"sceneLighting":false,"audioPlay":false,"sceneViewState":{"showFog":true,"showMaterialUpdate":false,"showSkybox":false,"showFlares":true,"showImageEffects":true,"showParticleSystems":true},"in2DMode":false,"pivot":{"x":505.8481140136719,"y":114.6065444946289,"z":169.58645629882813},"rotation":{"x":-0.0031515341252088548,"y":-0.5886636972427368,"z":0.0022933136206120254,"w":-0.8083722591400147},"size":10.837187767028809,"orthographic":false}