{"cameraMode":{"drawMode":0,"name":"Shaded","section":"Shading Mode"},"sceneLighting":true,"audioPlay":false,"sceneViewState":{"showFog":true,"showMaterialUpdate":false,"showSkybox":true,"showFlares":true,"showImageEffects":true,"showParticleSystems":true},"in2DMode":false,"pivot":{"x":1802.056640625,"y":1.5076143741607667,"z":227.3384246826172},"rotation":{"x":0.02858208864927292,"y":0.833428680896759,"z":-0.04329019412398338,"w":0.5501931309700012},"size":789.2992553710938,"orthographic":false}