{"cameraMode":{"drawMode":0,"name":"Shaded","section":"Shading Mode"},"sceneLighting":false,"audioPlay":false,"sceneViewState":{"showFog":true,"showMaterialUpdate":false,"showSkybox":false,"showFlares":true,"showImageEffects":true,"showParticleSystems":true},"in2DMode":false,"pivot":{"x":451.22705078125,"y":2.696000099182129,"z":5185.0302734375},"rotation":{"x":0.21664482355117799,"y":-0.5934999585151672,"z":0.17002129554748536,"w":0.756251871585846},"size":4502.09521484375,"orthographic":false}